,0
0,2017-05-05
1,2017-05-06
2,2017-05-07
3,2017-05-08
4,2017-05-09
5,2017-05-10
6,2017-05-11
7,2017-05-12
8,2017-05-13
9,2017-05-14
10,2017-05-15
11,2017-05-16
12,2017-05-17
13,2017-05-18
14,2017-05-19
15,2017-05-20
16,2017-05-21
17,2017-05-22
18,2017-05-23
19,2017-05-24
20,2017-05-25
21,2017-05-26
22,2017-05-27
23,2017-05-28
24,2017-05-29
25,2017-05-30
26,2017-05-31
27,2017-06-01
28,2017-06-02
29,2017-06-03
30,2017-06-04
31,2017-06-05
32,2017-06-06
33,2017-06-07
34,2017-06-08
35,2017-06-09
36,2017-06-10
37,2017-06-11
38,2017-06-12
39,2017-06-13
40,2017-06-14
41,2017-06-15
42,2017-06-16
43,2017-06-17
44,2017-06-18
45,2017-06-19
46,2017-06-20
47,2017-06-21
48,2017-06-22
49,2017-06-23
